{
  "Items": [
    {
      "Name": "New",
      "Tooltip": "Remove all objects from the scene.",
      "Icon": "\uF021"
    },
    {
      "Name": "Open files",
      "Caption": "Open Files",
      "Tooltip": "Select files from the dialog and open them in the viewer window.",
      "Icon": "\uF15B"
    },
    {
      "Name": "Open directory",
      "Caption": "Open Directory",
      "Tooltip": "Load all supported files from given directory and subdirectories.",
      "Icon": "\uF07C"
    },
    {
      "Name": "Open DICOMs",
      "Tooltip": "Load all DICOM volumes from a given directory and its subdirectories.",
      "Icon": "\uF07C"
    },
    {
      "Name": "Open RAW Voxels",
      "Tooltip": "Load *.raw file with user-specified parameters.",
      "Icon": "\uF15B",
      "HelpLink": "https://meshinspector.com/inappvideo/openrawvoxels"
    },
    {
      "Name": "Open Voxels From TIFF",
      "Tooltip": "Load voxels from a set of TIFF images",
      "Icon": "\uF1C5",
      "HelpLink": "https://meshinspector.com/inappvideo/opentiffvoxels"
    },
    {
      "Name": "Save object",
      "Caption": "Export",
      "Tooltip": "Save selected objects to files.",
      "Icon": "\uF0C6"
    },
    {
      "Name": "Save selected",
      "Caption": "Save Selected",
      "Tooltip": "Save scene tree branches with selected objects to MRU format.",
      "Icon": "\uF0C7"
    },
    {
      "Name": "Save Scene",
      "Tooltip": "Save MRU scene to the file from which it was opened.",
      "Icon": "\uF0C7"
    },
    {
      "Name": "Save Scene As",
      "Tooltip": "Saves scene in a file.",
      "Icon": "\uF0C7"
    },
    {
      "Name": "Capture screenshot",
      "Caption": "Screenshot",
      "Tooltip": "Saves screenshot of the scene to file.",
      "Icon": "\uF03E",
      "HelpLink": "https://meshinspector.com/inappvideo/capturescreenshot",
      "DropList": [
        {
          "Name": "Capture UI screenshot"
        },
        {
          "Name": "Screenshot to clipboard"
        }
      ]
    },
    {
      "Name": "Capture UI screenshot",
      "Caption": "Save Screenshot",
      "Tooltip": "Saves a screenshot of the current view to file.",
      "Icon": "\uF03E"
    },
    {
      "Name": "Screenshot to clipboard",
      "Caption": "Screenshot to Clipboard",
      "Tooltip": "Copies screenshot of the scene to clipboard",
      "Icon": "\uF03E"
    },
    {
      "Name": "Fit data",
      "Caption": "Fit Data",
      "Tooltip": "Changes current viewport settings to fit all visible objects in the scene.",
      "Icon": "\uF065",
      "DropList": [
        {
          "Name": "Fit selected objects"
        },
        {
          "Name": "Fit selected primitives"
        }
      ]
    },
    {
      "Name": "Fit selected objects",
      "Caption": "Fit Selected Objects",
      "Tooltip": "Changes current viewport settings to fit selected visible objects in scene.",
      "Icon": "\uF066"
    },
    {
      "Name": "Fit selected primitives",
      "Caption": "Fit Selected Primitives",
      "Tooltip": "Changes current viewport settings to fit selection.",
      "Icon": "\uF05B"
    },
    {
      "Name": "Camera",
      "Tooltip": "Manually set camera.",
      "Icon": "\uF03D",
      "HelpLink": "https://meshinspector.com/inappvideo/camerasettings"
    },
    {
      "Name": "Front View",
      "Tooltip": "Set active viewport view.",
      "Icon": "\uF102"
    },
    {
      "Name": "Top View",
      "Tooltip": "Set active viewport view.",
      "Icon": "\uF107"
    },
    {
      "Name": "Bottom View",
      "Tooltip": "Set active viewport view.",
      "Icon": "\uF106"
    },
    {
      "Name": "Left View",
      "Tooltip": "Set active viewport view.",
      "Icon": "\uF105"
    },
    {
      "Name": "Back View",
      "Tooltip": "Set active viewport view.",
      "Icon": "\uF103"
    },
    {
      "Name": "Right View",
      "Tooltip": "Set active viewport view.",
      "Icon": "\uF104"
    },
    {
      "Name": "Isometric View",
      "Tooltip": "Set active viewport view.",
      "Icon": "\uF1B2"
    },
    {
      "Name": "Single Viewport",
      "Tooltip": "Setup single viewport for the whole window.",
      "Icon": "\uF525"
    },
    {
      "Name": "Horizontal Viewports",
      "Tooltip": "Setup two horizontal viewports for the whole window.",
      "Icon": "\uF7A4"
    },
    {
      "Name": "Vertical Viewports",
      "Tooltip": "Setup two vertical viewports for the whole window.",
      "Icon": "\uF7A5"
    },
    {
      "Name": "Quad Viewports",
      "Tooltip": "Setup four equal viewports for the whole window.",
      "Icon": "\uF524"
    },
    {
      "Name": "Add custom theme",
      "Caption": "Add Custom Theme",
      "Tooltip": "Customize and save the color theme.",
      "Icon": "\uF0D0"
    },
    {
      "Name": "Show_Hide Global Basis",
      "Caption": "Show/Hide Global Basis",
      "Tooltip": "Show or hide global 0 and X,Y,Z axes.",
      "Icon": "\uf546"
    },
    {
      "Name": "Viewer settings",
      "Caption": "Settings",
      "Tooltip": "Show application settings window.",
      "Icon": "\uF013",
      "HelpLink": "https://meshinspector.com/inappvideo/viewerasettings"
    },
    {
      "Name": "Select objects",
      "Caption": "Select Objects",
      "Tooltip": "Selects objects by clicking them in the scene",
      "Icon": "\uF245"
    },
    {
      "Name": "Move object",
      "Caption": "Move Object",
      "Tooltip": "Move an object in a scene using a mouse",
      "Icon": "\uF256"
    },
    {
      "Name": "Ribbon Scene Sort by name",
      "Caption": "Sort by Name",
      "Tooltip": "Select all objects in the scene",
      "Icon": "\uF15D"
    },
    {
      "Name": "Ribbon Scene Show all",
      "Caption": "Show All",
      "Tooltip": "Show all objects in the scene",
      "Icon": "\uF205"
    },
    {
      "Name": "Ribbon Scene Hide all",
      "Caption": "Hide All",
      "Tooltip": "Hide all objects in the scene",
      "Icon": "\uF205"
    },
    {
      "Name": "Ribbon Scene Select all",
      "Caption": "Select All",
      "Tooltip": "Select all objects in the scene",
      "Icon": "\uF205"
    },
    {
      "Name": "Ribbon Scene Unselect all",
      "Caption": "Unselect All",
      "Tooltip": "Select all objects in the scene",
      "Icon": "\uF204"
    },
    {
      "Name": "Ribbon Scene Show only previous",
      "Caption": "Show Only Previous",
      "Tooltip": "Select and show only previous",
      "Icon": "\uF0AA"
    },
    {
      "Name": "Ribbon Scene Show only next",
      "Caption": "Show Only Next",
      "Tooltip": "Select and show only next",
      "Icon": "\uF0AB"
    },
    {
      "Name": "Ribbon Scene Rename",
      "Caption": "Rename",
      "Tooltip": "Rename object",
      "Icon": "\uF044"
    },
    {
      "Name": "Ribbon Scene Remove selected objects",
      "Caption": "Remove Selected",
      "Tooltip": "Remove selected objects",
      "Icon": "\uF2ED"
    },
    {
      "Name": "Active Plugins List",
      "Caption": "Active List",
      "Tooltip": "Show list of active tools",
      "Icon": "\uF560"
    },
    {
      "Name": "Rotator",
      "Tooltip": "Permanently rotates the scene around vertical axis.",
      "Icon": "\uF2F1"
    },
    {
      "Name": "Object Info",
      "Tooltip": "Show information about currently selected object.",
      "Icon": "\uF05A"
    }
  ]
}
