<?xml version="1.0" encoding="UTF-8"?>
<doxygenlayout version="1.0">
  <!-- Generated by doxygen 1.9.8 -->
  <!-- Navigation index tabs for HTML output -->
  <navindex>
    <tab type="mainpage" visible="yes" title="About"/>
    <tab type="usergroup" url="@ref InstallationGuide" title="Getting Started">
      <tab type="user" url="@ref MeshLibPythonSetupGuide" title="Python"/>
      <tab type="user" url="@ref MeshLibCppSetupGuide" title="C++"/>
      <tab type="user" url="@ref MeshLibCSharpSetupGuide" title="C#"/>
    </tab>
    <tab type="user" url="@ref License" title="License" />
    <tab type="usergroup" url="@ref Tutorials" title="Tutorials">
      <tab type="user" url="@ref FirstPluginTutorial" title="Create First Plugin using C++"/>
    </tab>
    <tab type="usergroup" url="@ref Examples" title="Examples">
      <tab type="usergroup" url="@ref GeneralExamples" title="General Samples">
        <tab type="user" url="@ref BasedApplication" title="Application Based on MeshLib"/>
        <tab type="user" url="@ref ExampleMeshLoadSave" title="Mesh Load and Save"/>
        <tab type="user" url="@ref ExampleMeshExport" title="Export Raw Triangles"/>
        <tab type="user" url="@ref ExampleMeshModification" title="Mesh Modification"/>
        <tab type="user" url="@ref ExampleMeshBoolean" title="Mesh Boolean"/>
        <tab type="user" url="@ref ExampleMeshDecimate" title="Mesh Decimate"/>
        <tab type="user" url="@ref ExampleMeshOffset" title="Mesh Offset"/>
        <tab type="user" url="@ref ExampleMeshFillHole" title="Mesh Fill Hole"/>
        <tab type="user" url="@ref ExampleMeshStitchHole" title="Mesh Stitch Holes"/>
        <tab type="user" url="@ref ExampleMeshResolveDegenerations" title="Mesh Resolve Degenerations"/>
        <tab type="user" url="@ref ExampleGlobalRegistration" title="Global Registration"/>
        <tab type="user" url="@ref ExampleMeshICP" title="Mesh ICP"/>
        <tab type="user" url="@ref ExampleMeshExtrude" title="Mesh Extrude"/>
        <tab type="user" url="@ref ExampleFreeForm" title="Mesh Free Form Deformation"/>
        <tab type="user" url="@ref ExampleLaplacian" title="Mesh Laplacian Deformation"/>
        <tab type="user" url="@ref ExampleNoiseDenoise" title="Mesh Denoise"/>
        <tab type="user" url="@ref ExampleTriangulation" title="Triangulation"/>
        <tab type="user" url="@ref ExampleMeshFromText" title="Text to Mesh"/>
      </tab>
      <tab type="usergroup" url="@ref PythonSpecificExamples" title="Python Specific Samples">
        <tab type="user" url="@ref ExampleViewer" title="Viewer"/>
        <tab type="user" url="@ref ExamplePlotly" title="Plotly Visualization"/>
        <tab type="user" url="@ref ExampleNumpy" title="Using Numpy"/>
        <tab type="user" url="@ref ExampleNumpyTriangulation" title="Numpy Triangulation"/>
      </tab>
    </tab>
    <tab type="usergroup" url="@ref PackageOverview" title="Package Overview">
      <tab type="user" url="@ref DataModel" title="Data Model Class Hierarchy"/>
      <tab type="user" url="@ref SpacesHelp" title="Spaces and Transformations"/>
      <tab type="user" url="@ref StatePluginsHelp" title="State Plugins Overview"/>
    </tab>
    <tab type="usergroup" url="@ref APIPage" title="API">
      <tab type="usergroup" url="@ref APICppPage" title="C++">
        <tab type="topics" visible="yes" title="" intro=""/>
        <tab type="namespaces" visible="yes" title="">
          <tab type="namespacelist" visible="yes" title="" intro=""/>
          <tab type="namespacemembers" visible="yes" title="" intro=""/>
        </tab>
        <tab type="classes" visible="yes" title="">
          <tab type="classlist" visible="yes" title="" intro=""/>
          <tab type="classindex" visible="$ALPHABETICAL_INDEX" title=""/>
          <tab type="hierarchy" visible="yes" title="" intro=""/>
          <tab type="classmembers" visible="yes" title="" intro=""/>
        </tab>
        <tab type="structs" visible="yes" title="">
          <tab type="structlist" visible="yes" title="" intro=""/>
          <tab type="structindex" visible="$ALPHABETICAL_INDEX" title=""/>
        </tab>
        <tab type="files" visible="yes" title="">
          <tab type="filelist" visible="yes" title="" intro=""/>
          <tab type="globals" visible="yes" title="" intro=""/>
        </tab>
      </tab>
    </tab>
    <tab type="user" url="@ref ThirdParty" title="Thirdparty List"/>
  </navindex>

  <!-- Layout definition for a class page -->
  <class>
    <briefdescription visible="yes"/>
    <includes visible="$SHOW_HEADERFILE"/>
    <inheritancegraph visible="$CLASS_GRAPH"/>
    <collaborationgraph visible="yes"/>
    <memberdecl>
      <nestedclasses visible="yes" title=""/>
      <publictypes title=""/>
      <services title=""/>
      <interfaces title=""/>
      <publicslots title=""/>
      <signals title=""/>
      <publicmethods title=""/>
      <publicstaticmethods title=""/>
      <publicattributes title=""/>
      <publicstaticattributes title=""/>
      <protectedtypes title=""/>
      <protectedslots title=""/>
      <protectedmethods title=""/>
      <protectedstaticmethods title=""/>
      <protectedattributes title=""/>
      <protectedstaticattributes title=""/>
      <packagetypes title=""/>
      <packagemethods title=""/>
      <packagestaticmethods title=""/>
      <packageattributes title=""/>
      <packagestaticattributes title=""/>
      <properties title=""/>
      <events title=""/>
      <privatetypes title=""/>
      <privateslots title=""/>
      <privatemethods title=""/>
      <privatestaticmethods title=""/>
      <privateattributes title=""/>
      <privatestaticattributes title=""/>
      <friends title=""/>
      <related title="" subtitle=""/>
      <membergroups visible="yes"/>
    </memberdecl>
    <detaileddescription title=""/>
    <memberdef>
      <inlineclasses title=""/>
      <typedefs title=""/>
      <enums title=""/>
      <services title=""/>
      <interfaces title=""/>
      <constructors title=""/>
      <functions title=""/>
      <related title=""/>
      <variables title=""/>
      <properties title=""/>
      <events title=""/>
    </memberdef>
    <allmemberslink visible="yes"/>
    <usedfiles visible="$SHOW_USED_FILES"/>
    <authorsection visible="yes"/>
  </class>

  <!-- Layout definition for a namespace page -->
  <namespace>
    <briefdescription visible="yes"/>
    <memberdecl>
      <nestednamespaces visible="yes" title=""/>
      <constantgroups visible="yes" title=""/>
      <interfaces visible="yes" title=""/>
      <classes visible="yes" title=""/>
      <concepts visible="yes" title=""/>
      <structs visible="yes" title=""/>
      <exceptions visible="yes" title=""/>
      <typedefs title=""/>
      <sequences title=""/>
      <dictionaries title=""/>
      <enums title=""/>
      <functions title=""/>
      <variables title=""/>
      <membergroups visible="yes"/>
    </memberdecl>
    <detaileddescription title=""/>
    <memberdef>
      <inlineclasses title=""/>
      <typedefs title=""/>
      <sequences title=""/>
      <dictionaries title=""/>
      <enums title=""/>
      <functions title=""/>
      <variables title=""/>
    </memberdef>
    <authorsection visible="yes"/>
  </namespace>

  <!-- Layout definition for a concept page -->
  <concept>
    <briefdescription visible="yes"/>
    <includes visible="$SHOW_HEADERFILE"/>
    <definition visible="yes" title=""/>
    <detaileddescription title=""/>
    <authorsection visible="yes"/>
  </concept>

  <!-- Layout definition for a file page -->
  <file>
    <briefdescription visible="yes"/>
    <includes visible="$SHOW_INCLUDE_FILES"/>
    <includegraph visible="yes"/>
    <includedbygraph visible="yes"/>
    <sourcelink visible="yes"/>
    <memberdecl>
      <interfaces visible="yes" title=""/>
      <classes visible="yes" title=""/>
      <structs visible="yes" title=""/>
      <exceptions visible="yes" title=""/>
      <namespaces visible="yes" title=""/>
      <concepts visible="yes" title=""/>
      <constantgroups visible="yes" title=""/>
      <defines title=""/>
      <typedefs title=""/>
      <sequences title=""/>
      <dictionaries title=""/>
      <enums title=""/>
      <functions title=""/>
      <variables title=""/>
      <membergroups visible="yes"/>
    </memberdecl>
    <detaileddescription title=""/>
    <memberdef>
      <inlineclasses title=""/>
      <defines title=""/>
      <typedefs title=""/>
      <sequences title=""/>
      <dictionaries title=""/>
      <enums title=""/>
      <functions title=""/>
      <variables title=""/>
    </memberdef>
    <authorsection/>
  </file>

  <!-- Layout definition for a group page -->
  <group>
    <briefdescription visible="yes"/>
    <groupgraph visible="yes"/>
    <memberdecl>
      <nestedgroups visible="yes" title=""/>
      <modules visible="yes" title=""/>
      <dirs visible="yes" title=""/>
      <files visible="yes" title=""/>
      <namespaces visible="yes" title=""/>
      <concepts visible="yes" title=""/>
      <classes visible="yes" title=""/>
      <defines title=""/>
      <typedefs title=""/>
      <sequences title=""/>
      <dictionaries title=""/>
      <enums title=""/>
      <enumvalues title=""/>
      <functions title=""/>
      <variables title=""/>
      <signals title=""/>
      <publicslots title=""/>
      <protectedslots title=""/>
      <privateslots title=""/>
      <events title=""/>
      <properties title=""/>
      <friends title=""/>
      <membergroups visible="yes"/>
    </memberdecl>
    <detaileddescription title=""/>
    <memberdef>
      <pagedocs/>
      <inlineclasses title=""/>
      <defines title=""/>
      <typedefs title=""/>
      <sequences title=""/>
      <dictionaries title=""/>
      <enums title=""/>
      <enumvalues title=""/>
      <functions title=""/>
      <variables title=""/>
      <signals title=""/>
      <publicslots title=""/>
      <protectedslots title=""/>
      <privateslots title=""/>
      <events title=""/>
      <properties title=""/>
      <friends title=""/>
    </memberdef>
    <authorsection visible="yes"/>
  </group>

  <!-- Layout definition for a C++20 module page -->
  <module>
    <briefdescription visible="yes"/>
    <exportedmodules visible="yes"/>
    <memberdecl>
      <concepts visible="yes" title=""/>
      <classes visible="yes" title=""/>
      <enums title=""/>
      <typedefs title=""/>
      <functions title=""/>
      <variables title=""/>
      <membergroups title=""/>
    </memberdecl>
    <detaileddescription title=""/>
    <memberdecl>
      <files visible="yes"/>
    </memberdecl>
  </module>

  <!-- Layout definition for a directory page -->
  <directory>
    <briefdescription visible="yes"/>
    <directorygraph visible="yes"/>
    <memberdecl>
      <dirs visible="yes"/>
      <files visible="yes"/>
    </memberdecl>
    <detaileddescription title=""/>
  </directory>
</doxygenlayout>
